уровень	слово	что нарисовать
1	домик	маленький уютный домик
1	соломы	охапка золотистой соломы
1	веток	куча сухих веток
1	леса	густой зелёный лес
1	трубу	печная труба на крыше, из неё идёт дымок
1	хижину	маленькая хижина из соломы
1	зимой	зимний пейзаж со снегом и ёлками
1	лето	солнечный летний луг с цветами
1	брату	поросёнок протягивает подарок своему брату-поросёнку
1	водой	ведро, полное воды
1	волку	серый волк из сказки, не страшный
1	двери	деревянная дверь домика
1	засов	дверь, закрытая на деревянный засов
1	игры	поросята весело играют в мяч
1	котел	большой котёл на огне
1	крыша	красная крыша домика
1	лужам	поросёнок прыгает по лужам
1	ужин	тарелка с вкусным ужином
1	холод	поросёнок дрожит от холода, вокруг снежинки
1	пели	поросята поют песню, вокруг ноты
1	работа	поросёнок с молотком строит домик
1	думал	поросёнок задумался, над головой облачко мысли
1	полез	волк лезет по стене на крышу
1	кипела	вода кипит в котле, пузыри и пар
1	жутко	испуганный поросёнок прячется под одеялом
2	опушке	опушка леса: поляна на краю леса
2	поросят	три поросёнка стоят рядом
2	побежал	поросёнок быстро бежит
2	братья	три брата-поросёнка обнимаются
2	вылетел	волк вылетает из печной трубы
2	дрожали	поросята дрожат от страха
2	зарычал	волк сердито рычит
2	играть	поросята играют в догонялки
2	испуга	поросёнок испуганно закрыл глаза копытцами
2	копытца	розовые копытца поросёнка
2	листья	осенние листья
2	мерзли	поросята мёрзнут на морозе, обнимают себя
2	окошко	окошко домика с занавесками
2	песенку	поросёнок поёт песенку
2	печкой	печка с огнём
2	прыгали	поросята прыгают от радости
2	стучал	волк стучит в дверь
2	теплый	поросёнок греется у огня, укрытый пледом
2	утром	утреннее солнце встаёт над полем
2	вечерам	вечер: закат и первая звезда
2	бедняга	растерянный волк с шишкой на голове
2	тяжелой	поросёнок несёт тяжёлый камень
2	поджав	волк убегает, поджав хвост
2	летним	летний день: солнце, бабочки, цветы
2	кипящей	котёл с кипящей водой на огне
3	поросенок	весёлый розовый поросёнок
3	построить	поросёнок строит домик из кирпичей
3	каменный	крепкий каменный дом
3	крепкий	крепкий кирпичный дом
3	младшенький	самый маленький поросёнок в кепке
3	рассвирепел	волк в ярости, сердитый
3	старший	самый большой поросёнок
3	средний	средний по росту поросёнок
3	веселиться	поросята весело танцуют и смеются
3	выскочили	поросята выскакивают из домика
3	голодному	голодный волк держится за живот
3	грустить	грустный поросёнок сидит один
3	замерзнет	поросёнок замерзает в снегу
3	красивый	красивый домик с цветами в окнах
3	маленький	маленький поросёнок рядом с большим грибом
3	обрадовался	поросёнок радостно подпрыгнул
3	ошпарился	волк обжёг хвост о горячий котёл
3	постелька	маленькая кроватка с подушкой и одеялом
3	снежинка	большая снежинка
3	солнышке	поросёнок греется на солнышке
3	соломенной	домик из соломы
3	строительство	стройка домика: кирпичи, доски, инструменты
3	танцевать	поросёнок танцует
3	ухмылялся	хитрый волк ухмыляется
3	погнался	волк гонится за поросёнком
