похожие картинки — через запятую; из одной строки в варианты попадает не больше одной
mom, woman, face, grandma
dad, man, grandpa
boy, brother, head, hair, happy, smile, laugh, stand, wave
girl, sister, princess, dance
family, friend, hug
hand, finger, arm, elbow, shoulder, clap, wave
leg, foot, toe, knee, kick
mouth, teeth, tongue, smile, laugh, sing
ear, listen
eye, look
cup, bowl, plate, tea, rice, soup, clean
bath, soap, towel, wash, dry
bed, pillow, room, sleep, sleepy, soft
door, house, window, open, roof
pen, pencil, crayon, notebook, book, paper, write, draw, read, short
desk, school, chair, sit, teacher
ball, balloon, play, kick, throw, catch, big
hat, cap
shirt, T-shirt, sweater, jacket, coat
pants, shorts, leg
shoes, boots, socks, old, new, foot
dress, skirt
scarf, long, neck, cold
milk, water, juice, full, empty
cheese, butter
bread, sandwich
apple, cherry, tomato, one, full
cake, cookie, candy
sky, cloud, rain, sun, dry
sea, river, lake, swim, dolphin, whale, fish, boat, ship
tree, forest, garden, flower, climb, wind, leaf
snow, snowman, ice, cold
fire, hot
egg, nest, chicken
boat, ship, submarine
car, taxi, ambulance, bus
bike, motorbike, scooter, ride
truck, tractor
run, walk, jump, dance, play
eat, hungry, tummy
tired, sleepy, sad, cry
bird, fly, owl
cat, small, soft, scared, tiger, lion
dog, wet, clean
elephant, big, hippo
giraffe, tall, blocks
mouse, small
duck, three
star, four, ten, yellow
heart, red
